kód,adm1_code,iso_3166_2,kraj,datum,datum-7,"dnes (ČR: 3,6)",dnes,dnes-7,změna,week_0,week_1,week_2,week_3,week_4,week_5,week_6,week_7,week_8,week_9,week_10,week_11,week_12,week_13,week_14,week_15,week_16,week_17,week_18,week_19,week_20,week_21,week_22,week_23,week_24,week_25,week_26,week_27,week_28,week_29,week_30,week_31,week_32,week_33,week_34,week_35,week_36,week_37,week_38,week_39,week_40,week_41,week_42,week_43,week_44,week_45,week_46,week_47,week_48,week_49,week_50,week_51,9.10.25,16.10.25,23.10.25,30.10.25,6.11.25,13.11.25,20.11.25,27.11.25,4.12.25,11.12.25,18.12.25,25.12.25,1.1.26,8.1.26,15.1.26,22.1.26,29.1.26,5.2.26,12.2.26,19.2.26,26.2.26,5.3.26,12.3.26,19.3.26,26.3.26,2.4.26,9.4.26,16.4.26,23.4.26,30.4.26,7.5.26,14.5.26,21.5.26,28.5.26,4.6.26,11.6.26,18.6.26,25.6.26,2.7.26,9.7.26,16.7.26,23.7.26,30.7.26,6.8.26,13.8.26,20.8.26,27.8.26,3.9.26,10.9.26,17.9.26,24.9.26,1.10.26,2.10.26,3.10.26,4.10.26,5.10.26,6.10.26,7.10.26,8.10.26
CZ010,CZE-1595,CZ-PR,Praha,8. 10. 2026,1. 10. 2026,"4,6","4,6","3,7","0,9",100,47,64,34,30,19,15,20,24,26,22,11,10,9,11,8,8,6,8,6,7,3,4,3,1,1,1,2,1,1,0,1,1,1,1,1,1,1,1,0,1,1,2,1,1,1,3,3,3,4,9,8,"44,9","21,1","28,8","15,1","13,6","8,7","6,7","8,8","10,6","11,5","9,9","4,9","4,4","3,8","4,7","3,7","3,5","2,9","3,5","2,8","3,0","1,5","1,6","1,1","0,4","0,7","0,7","0,9","0,4","0,7","0,0","0,3","0,5","0,5","0,4","0,2","0,3","0,4","0,5","0,2","0,3","0,5","1,0","0,6","0,5","0,4","1,2","1,2","1,3","1,9","4,0","3,7","3,7","3,7","3,7","5,7","5,2","4,5","4,6"
CZ020,CZE-1596,CZ-ST,Středočeský,8. 10. 2026,1. 10. 2026,"3,7","3,7","5,8","-2,1",100,42,66,34,33,24,14,17,28,28,22,13,9,9,18,9,7,9,22,7,5,3,3,2,2,1,1,1,1,1,1,0,0,0,1,0,0,0,0,1,0,1,0,1,1,1,1,1,2,4,7,13,"46,0","19,2","30,2","15,5","15,0","11,0","6,4","7,7","12,9","12,8","10,3","5,9","3,9","4,3","8,3","4,4","3,1","4,3","9,9","3,1","2,2","1,5","1,5","0,8","0,8","0,6","0,4","0,4","0,4","0,3","0,3","0,2","0,1","0,1","0,3","0,1","0,2","0,1","0,1","0,3","0,2","0,3","0,0","0,3","0,4","0,4","0,3","0,4","0,9","1,6","3,3","5,8","6,3","6,2","6,2","7,1","6,5","5,5","3,7"
CZ031,CZE-1593,CZ-JC,Jihočeský,8. 10. 2026,1. 10. 2026,"3,0","3,0","1,2","1,7",100,61,84,40,39,31,22,27,38,39,33,19,11,18,10,8,10,7,6,7,5,3,3,2,2,1,1,1,0,1,0,0,0,0,0,0,0,0,1,0,0,0,1,0,1,1,0,1,1,2,4,2,"56,2","34,2","47,1","22,7","21,8","17,6","12,6","14,9","21,1","21,8","18,3","10,9","6,4","10,1","5,4","4,5","5,6","3,7","3,6","3,9","2,6","1,7","1,6","0,9","0,9","0,5","0,5","0,6","0,0","0,3","0,2","0,2","0,0","0,0","0,0","0,2","0,0","0,0","0,3","0,2","0,2","0,2","0,3","0,2","0,6","0,3","0,2","0,5","0,6","1,2","2,2","1,2","1,4","1,6","1,7","2,8","2,5","2,8","3,0"
CZ032,CZE-10369,CZ-PL,Plzeňský,8. 10. 2026,1. 10. 2026,"3,9","3,9","1,4","2,5",100,52,83,35,33,31,27,28,36,30,26,16,11,15,12,9,9,11,4,3,2,2,3,2,1,3,0,1,1,1,0,0,0,0,0,0,0,1,0,0,1,0,1,0,1,0,1,1,0,3,4,3,"54,0","28,1","44,8","19,0","17,9","16,6","14,4","15,1","19,5","16,1","13,9","8,8","5,9","8,1","6,3","5,1","5,1","5,8","2,0","1,9","1,2","1,2","1,7","0,8","0,7","1,4","0,2","0,5","0,5","0,7","0,2","0,2","0,2","0,0","0,2","0,2","0,0","0,3","0,0","0,0","0,3","0,0","0,7","0,2","0,7","0,2","0,5","0,3","0,2","1,7","2,2","1,4","1,5","1,5","1,5","3,2","3,7","3,6","3,9"
CZ041,CZE-1590,CZ-KA,Karlovarský,8. 10. 2026,1. 10. 2026,"1,4","1,4","1,4","0,0",100,32,65,38,32,40,23,29,87,56,28,11,6,17,9,15,11,9,10,4,4,5,4,2,0,4,0,0,1,2,1,1,0,0,0,0,0,0,1,0,0,0,0,0,0,0,0,2,3,4,5,4,"32,0","10,2","20,8","12,3","10,2","13,0","7,5","9,2","28,0","18,1","8,9","3,4","2,0","5,5","2,7","4,8","3,4","2,7","3,1","1,4","1,4","1,7","1,4","0,7","0,0","1,4","0,0","0,0","0,3","0,7","0,3","0,3","0,0","0,0","0,0","0,0","0,0","0,0","0,3","0,0","0,0","0,0","0,0","0,0","0,0","0,0","0,0","0,7","1,0","1,4","1,7","1,4","1,0","1,0","1,0","1,0","1,0","1,4","1,4"
CZ042,CZE-10368,CZ-US,Ústecký,8. 10. 2026,1. 10. 2026,"2,9","2,9","1,8","1,1",100,43,68,36,31,27,16,15,24,24,22,11,10,14,8,9,9,10,3,5,3,2,1,2,1,2,1,1,1,0,0,0,0,1,1,0,0,0,0,1,1,0,1,0,0,0,1,0,1,5,5,4,"44,2","19,0","30,0","15,8","13,8","11,9","7,2","6,6","10,4","10,6","9,9","5,0","4,5","6,0","3,4","4,2","4,0","4,4","1,5","2,3","1,2","1,1","0,5","0,9","0,5","1,0","0,4","0,6","0,5","0,0","0,0","0,0","0,1","0,2","0,4","0,1","0,0","0,1","0,0","0,2","0,2","0,1","0,4","0,1","0,0","0,1","0,5","0,1","0,2","2,1","2,2","1,8","2,1","2,1","2,1","3,4","2,9","2,9","2,9"
CZ051,CZE-1597,CZ-LI,Liberecký,8. 10. 2026,1. 10. 2026,"13,8","13,8","12,7","1,1",100,55,65,22,30,20,13,23,21,24,21,15,10,15,10,9,11,6,4,4,3,2,2,1,1,1,2,1,1,1,2,1,0,0,0,2,0,0,0,0,0,0,0,0,0,1,1,2,2,4,6,24,"52,7","28,9","34,1","11,8","16,0","10,6","7,0","12,0","11,3","12,9","11,1","8,1","5,2","7,9","5,2","4,5","5,9","3,4","2,0","2,0","1,4","1,1","0,9","0,5","0,7","0,7","0,9","0,7","0,5","0,7","0,9","0,7","0,0","0,2","0,0","0,9","0,2","0,2","0,0","0,0","0,2","0,0","0,2","0,2","0,0","0,5","0,5","0,9","0,9","2,3","2,9","12,7","19,2","20,3","17,9","17,0","14,9","14,5","13,8"
CZ052,CZE-1598,CZ-KR,Královéhradecký,8. 10. 2026,1. 10. 2026,"1,1","1,1","1,5","-0,4",100,43,59,37,25,19,18,17,24,22,26,21,10,16,6,8,6,6,6,4,3,3,3,3,1,1,0,2,5,0,1,0,1,1,0,0,1,0,1,0,0,0,0,1,0,1,1,0,1,2,3,2,"72,8","31,4","43,2","27,1","18,2","13,6","13,4","12,5","17,8","15,8","18,9","15,4","7,6","11,8","4,4","5,8","4,5","4,7","4,5","2,7","2,2","2,0","2,2","2,2","1,1","0,9","0,2","1,5","3,4","0,4","0,5","0,4","0,9","0,5","0,2","0,4","0,7","0,4","0,5","0,2","0,2","0,0","0,2","0,9","0,0","0,5","0,9","0,4","1,1","1,3","2,2","1,5","2,0","2,0","2,0","2,2","2,2","1,8","1,1"
CZ053,CZE-10373,CZ-PA,Pardubický,8. 10. 2026,1. 10. 2026,"3,1","3,1","2,5","0,6",100,47,75,36,35,23,19,17,19,24,30,15,7,10,10,8,8,4,5,3,4,1,2,2,2,1,1,1,1,0,1,1,0,1,0,0,0,0,0,0,0,1,0,0,1,1,1,1,0,1,2,4,"67,7","31,6","50,5","24,5","23,9","15,5","12,6","11,7","13,2","16,3","20,3","10,1","5,0","7,1","6,5","5,4","5,4","2,9","3,3","2,1","2,5","1,0","1,5","1,3","1,3","0,8","0,8","0,6","0,4","0,0","0,6","0,8","0,0","0,4","0,2","0,2","0,0","0,0","0,0","0,0","0,2","0,8","0,2","0,2","0,6","0,8","0,4","0,6","0,2","0,6","1,1","2,5","1,9","1,9","2,1","3,3","3,4","3,4","3,1"
CZ063,CZE-1594,CZ-VY,Vysočina,8. 10. 2026,1. 10. 2026,"4,1","4,1","2,4","1,8",100,60,72,40,36,34,22,27,31,35,19,13,13,11,7,2,6,5,4,7,4,3,2,2,0,2,2,0,1,1,1,1,0,0,1,0,0,0,0,0,0,0,0,0,1,2,1,2,1,2,3,4,"63,7","37,9","46,0","25,2","23,2","21,4","13,8","17,3","19,7","22,0","11,8","8,4","8,1","6,9","4,3","1,6","3,7","3,3","2,6","4,3","2,6","1,8","1,6","1,0","0,2","1,0","1,2","0,2","0,4","0,6","0,4","0,4","0,0","0,2","0,6","0,0","0,0","0,0","0,2","0,2","0,0","0,0","0,0","0,2","0,8","1,0","0,6","1,0","0,4","1,6","2,0","2,4","3,5","3,7","3,7","5,3","5,1","4,9","4,1"
CZ064,CZE-10370,CZ-JM,Jihomoravský,8. 10. 2026,1. 10. 2026,"3,0","3,0","2,7","0,3",100,66,91,42,42,38,28,30,32,29,26,16,10,16,7,9,6,6,4,3,3,3,3,1,1,2,1,3,1,1,2,1,1,1,0,0,0,0,0,0,0,0,1,1,1,1,1,1,1,2,4,5,"58,0","38,1","52,7","24,4","24,3","22,1","16,0","17,3","18,8","17,1","15,3","9,5","5,9","9,0","3,9","5,0","3,5","3,6","2,5","1,5","1,6","1,7","1,5","0,5","0,8","1,4","0,5","1,5","0,8","0,8","1,1","0,4","0,6","0,4","0,0","0,2","0,2","0,3","0,1","0,2","0,1","0,2","0,3","0,5","0,3","0,6","0,3","0,3","0,5","1,3","2,3","2,7","3,0","2,9","2,9","3,7","3,3","3,2","3,0"
CZ071,CZE-10372,CZ-OL,Olomoucký,8. 10. 2026,1. 10. 2026,"3,8","3,8","2,5","1,3",100,52,83,36,33,28,24,21,25,19,18,8,6,10,6,9,8,8,5,4,3,4,5,4,1,2,1,1,1,1,1,1,1,0,1,1,0,0,1,0,0,1,0,0,0,0,1,1,2,3,2,4,"70,3","36,3","58,5","25,4","23,5","19,5","16,8","14,6","17,6","13,5","12,5","5,6","4,4","7,3","4,1","6,3","5,7","5,9","3,2","2,9","1,9","2,7","3,5","2,9","0,8","1,1","1,0","0,8","0,6","0,6","1,0","0,5","0,8","0,3","0,8","0,8","0,3","0,3","0,6","0,3","0,3","0,5","0,2","0,3","0,3","0,3","0,6","0,8","1,3","2,2","1,7","2,5","2,9","2,9","2,9","5,1","4,9","4,1","3,8"
CZ072,CZE-10371,CZ-ZL,Zlínský,8. 10. 2026,1. 10. 2026,"1,7","1,7","2,1","-0,3",100,51,76,37,30,28,20,18,16,13,10,5,5,7,5,6,7,3,5,5,3,1,1,1,0,1,1,1,2,0,0,0,0,0,0,0,0,0,0,0,1,0,0,0,0,0,1,1,2,2,1,3,"59,5","30,5","45,2","22,2","18,1","16,5","11,7","10,7","9,7","7,8","6,0","3,1","2,8","4,1","2,9","3,8","4,0","2,1","2,9","3,1","1,9","0,9","0,5","0,3","0,2","0,5","0,9","0,3","1,0","0,2","0,2","0,2","0,0","0,2","0,0","0,0","0,0","0,2","0,2","0,0","0,7","0,2","0,0","0,2","0,0","0,2","0,3","0,3","1,0","1,2","0,9","2,1","1,7","1,7","1,7","2,2","1,6","1,7","1,7"
CZ080,CZE-1612,CZ-MO,Moravskoslezský,8. 10. 2026,1. 10. 2026,"2,0","2,0","1,1","0,9",100,47,89,42,36,33,26,28,27,27,20,8,6,12,9,8,8,7,6,4,5,2,2,2,2,1,1,2,2,1,0,0,0,1,0,0,1,0,0,1,0,0,0,1,1,1,2,3,2,2,4,2,"44,6","21,0","39,9","18,9","15,8","14,6","11,7","12,6","12,1","11,9","8,9","3,7","2,8","5,4","4,0","3,4","3,5","2,9","2,8","1,8","2,3","0,8","0,8","0,8","0,7","0,6","0,4","0,7","0,8","0,5","0,1","0,2","0,2","0,3","0,1","0,2","0,3","0,1","0,0","0,3","0,0","0,0","0,2","0,3","0,3","0,3","0,8","1,2","0,7","0,9","1,7","1,1","1,1","1,1","1,1","1,6","1,8","1,9","2,0"
